2022-09-15,conf.py
2022-09-15,beginner_source/audio_data_augmentation_tutorial.py
2022-09-12,prototype_source/nestedtensor.py
2022-09-12,advanced_source/cpp_autograd.rst
2022-09-09,.jenkins/validate_tutorials_built.py
2022-09-06,prototype_source/fx_graph_mode_ptq_static.rst
2022-09-06,intermediate_source/reinforcement_q_learning.py
2022-09-06,intermediate_source/FSDP_tutorial.rst
2022-09-06,advanced_source/static_quantization_tutorial.rst
2022-08-31,beginner_source/examples_nn/polynomial_module.py
2022-08-30,beginner_source/blitz/autograd_tutorial.py
2022-08-29,intermediate_source/flask_rest_api_tutorial.py
2022-08-22,intermediate_source/realtime_rpi.rst
2022-08-21,intermediate_source/ax_multiobjective_nas_tutorial.py
2022-08-21,index.rst
2022-08-19,intermediate_source/mnist_train_nas.py
2022-08-19,.jenkins/get_files_to_run.py
2022-08-18,intermediate_source/nvfuser_intro_tutorial.py
2022-08-18,beginner_source/nn_tutorial.py
2022-08-16,intermediate_source/speech_recognition_pipeline_tutorial.py
2022-08-11,beginner_source/Intro_to_TorchScript_tutorial.py
2022-08-10,intermediate_source/torchvision_tutorial.rst
2022-08-03,beginner_source/transformer_tutorial.py
2022-08-02,prototype_source/prototype_index.rst
2022-08-02,beginner_source/colab.rst
2022-08-02,beginner_source/chatbot_tutorial.py
2022-08-01,recipes_source/recipes/amp_recipe.py
2022-08-01,intermediate_source/forced_alignment_with_torchaudio_tutorial.py
2022-07-29,custom_directives.py
2022-07-29,beginner_source/introyt/captumyt.py
2022-07-23,intermediate_source/torchrec_tutorial.rst
2022-07-20,intermediate_source/rpc_tutorial.rst
2022-07-20,intermediate_source/rpc_param_server_tutorial.rst
2022-07-20,intermediate_source/rpc_async_execution.rst
2022-07-20,intermediate_source/process_group_cpp_extension_tutorial.rst
2022-07-20,intermediate_source/dist_tuto.rst
2022-07-20,intermediate_source/dist_pipeline_parallel_tutorial.rst
2022-07-20,intermediate_source/ddp_tutorial.rst
2022-07-20,beginner_source/dist_overview.rst
2022-07-20,advanced_source/rpc_ddp_tutorial.rst
2022-07-20,advanced_source/generic_join.rst
2022-07-18,beginner_source/bettertransformer_tutorial.rst
2022-07-15,intermediate_source/autograd_saved_tensors_hooks_tutorial.py
2022-07-11,intermediate_source/FSDP_adavnced_tutorial.rst
2022-06-28,intermediate_source/memory_format_tutorial.py
2022-06-28,advanced_source/dynamic_quantization_tutorial.py
2022-06-22,beginner_source/translation_transformer.py
2022-06-20,recipes_source/recipes/profiler_recipe.py
2022-06-14,beginner_source/examples_nn/polynomial_nn.py
2022-06-08,beginner_source/audio_resampling_tutorial.py
2022-06-08,beginner_source/audio_io_tutorial.py
2022-06-08,beginner_source/audio_feature_extractions_tutorial.py
2022-06-08,beginner_source/audio_feature_augmentation_tutorial.py
2022-06-08,beginner_source/audio_datasets_tutorial.py
2022-06-06,prototype_source/fx_numeric_suite_tutorial.py
2022-06-03,beginner_source/basics/tensorqs_tutorial.py
2022-06-01,recipes_source/recipes/tuning_guide.py
2022-05-20,.jenkins/test_files_to_run.py
2022-05-13,advanced_source/sharding.rst
2022-05-11,.jenkins/get_docker_tag.py
2022-05-10,beginner_source/introyt/introyt1_tutorial.py
2022-05-06,beginner_source/dcgan_faces_tutorial.py
2022-05-06,.jenkins/remove_runnable_code.py
2022-05-06,.circleci/regenerate.py
2022-05-03,beginner_source/blitz/neural_networks_tutorial.py
2022-04-30,recipes_source/recipes/loading_data_recipe.py
2022-04-21,beginner_source/introyt/autogradyt_tutorial.py
2022-04-15,intermediate_source/torchserve_with_ipex.rst
2022-04-12,beginner_source/introyt/modelsyt_tutorial.py
2022-04-06,beginner_source/examples_autograd/polynomial_custom_function.py
2022-03-24,beginner_source/transfer_learning_tutorial.py
2022-03-15,intermediate_source/forward_ad_usage.py
2022-03-13,intermediate_source/pipeline_tutorial.py
2022-03-13,beginner_source/text_sentiment_ngrams_tutorial.py
2022-03-13,advanced_source/ddp_pipeline.py
2022-03-09,advanced_source/cpp_extension.rst
2022-03-08,recipes_source/recipes/saving_and_loading_a_general_checkpoint.py
2022-03-02,intermediate_source/speech_command_classification_with_torchaudio_tutorial.py
2022-02-28,beginner_source/basics/buildmodel_tutorial.py
2022-02-28,beginner_source/basics/autogradqs_tutorial.py
2022-02-03,intermediate_source/fx_profiling_tutorial.py
2022-02-02,beginner_source/basics/quickstart_tutorial.py
2022-02-02,beginner_source/basics/data_tutorial.py
2022-01-12,prototype_source/tracing_based_selective_build.rst
2022-01-11,recipes_source/recipes_index.rst
2022-01-11,recipes_source/intel_neural_compressor_for_pytorch.rst
2022-01-10,beginner_source/basics/optimization_tutorial.py
2022-01-07,beginner_source/nlp/sequence_models_tutorial.py
2022-01-03,beginner_source/blitz/cifar10_tutorial.py
2021-12-28,beginner_source/examples_nn/dynamic_net.py
2021-12-21,beginner_source/saving_loading_models.py
2021-12-20,beginner_source/nlp/advanced_tutorial.py
2021-12-20,beginner_source/data_loading_tutorial.py
2021-12-15,beginner_source/ptcheat.rst
2021-12-15,beginner_source/former_torchies/autograd_tutorial_old.py
2021-12-14,advanced_source/torch_script_custom_ops.rst
2021-11-30,beginner_source/introyt/trainingyt.py
2021-11-30,beginner_source/introyt/tensors_deeper_tutorial.py
2021-11-30,beginner_source/introyt/tensorboardyt_tutorial.py
2021-11-30,beginner_source/introyt.rst
2021-11-16,advanced_source/dispatcher.rst
2021-11-15,recipes_source/recipes/Captum_Recipe.py
2021-11-09,recipes_source/intel_extension_for_pytorch.rst
2021-11-09,beginner_source/examples_autograd/polynomial_autograd.py
2021-10-26,prototype_source/nnapi_mobilenetv2.rst
2021-10-22,intermediate_source/tensorboard_profiler_tutorial.py
2021-10-22,beginner_source/basics/saveloadrun_tutorial.py
2021-10-21,intermediate_source/text_to_speech_with_torchaudio.py
2021-10-20,recipes_source/zero_redundancy_optimizer.rst
2021-10-20,recipes_source/bundled_inputs.rst
2021-10-20,prototype_source/ios_coreml_workflow.rst
2021-10-04,beginner_source/blitz/tensor_tutorial.py
2021-09-28,beginner_source/former_torchies/parallelism_tutorial.py
2021-09-28,advanced_source/cpp_frontend.rst
2021-09-15,recipes_source/deployment_with_flask.rst
2021-09-14,beginner_source/nlp/word_embeddings_tutorial.py
2021-09-01,prototype_source/vmap_recipe.py
2021-09-01,advanced_source/neural_style_tutorial.py
2021-08-30,prototype_source/ios_gpu_workflow.rst
2021-08-24,intermediate_source/custom_function_conv_bn_tutorial.py
2021-08-20,prototype_source/fx_graph_mode_quant_guide.rst
2021-08-13,intermediate_source/custom_function_double_backward_tutorial.rst
2021-08-11,beginner_source/basics/transforms_tutorial.py
2021-08-11,beginner_source/basics/intro.py
2021-08-10,recipes_source/recipes/defining_a_neural_network.py
2021-08-06,advanced_source/rpc_ddp_tutorial/main.py
2021-07-27,intermediate_source/quantized_transfer_learning_tutorial.rst
2021-07-26,recipes_source/mobile_perf.rst
2021-07-26,recipes_source/fuse.rst
2021-07-22,advanced_source/torch_script_custom_classes/custom_class_project/custom_test.py
2021-07-22,advanced_source/torch_script_custom_classes.rst
2021-07-16,beginner_source/vt_tutorial.py
2021-06-24,recipes_source/recipes/dynamic_quantization.py
2021-06-24,beginner_source/nlp/pytorch_tutorial.py
2021-06-23,intermediate_source/char_rnn_generation_tutorial.py
2021-06-17,prototype_source/skip_param_init.rst
2021-06-16,recipes_source/mobile_interpreter.rst
2021-06-15,prototype_source/numeric_suite_tutorial.py
2021-06-10,recipes_source/recipes/tensorboard_with_pytorch.py
2021-06-02,intermediate_source/seq2seq_translation_tutorial.py
2021-05-07,intermediate_source/tensorboard_tutorial.rst
2021-05-06,intermediate_source/model_parallel_tutorial.py
2021-05-04,recipes_source/android_native_app_with_custom_op.rst
2021-05-04,beginner_source/hyperparameter_tuning_tutorial.py
2021-05-04,advanced_source/torch-script-parallelism.rst
2021-05-04,advanced_source/extend_dispatcher.rst
2021-04-29,intermediate_source/parametrizations.py
2021-04-26,recipes_source/distributed_optim_torchscript.rst
2021-04-18,intermediate_source/spatial_transformer_tutorial.py
2021-04-18,advanced_source/cpp_export.rst
2021-04-15,advanced_source/super_resolution_with_onnxruntime.py
2021-04-13,intermediate_source/dynamic_quantization_bert_tutorial.rst
2021-04-07,intermediate_source/fx_conv_bn_fuser.py
2021-04-01,recipes_source/recipes/timer_quick_start.py
2021-04-01,_static/tv-training-code.py
2021-03-29,intermediate_source/char_rnn_classification_tutorial.py
2021-03-23,beginner_source/pytorch_with_examples.rst
2021-03-19,recipes_source/cuda_rpc.rst
2021-03-04,prototype_source/fx_graph_mode_ptq_dynamic.py
2021-03-03,beginner_source/fgsm_tutorial.py
2021-02-17,recipes_source/recipes/zeroing_out_gradients.py
2021-02-04,beginner_source/profiler.py
2021-01-28,recipes_source/distributed_rpc_profiling.rst
2020-12-30,beginner_source/deep_learning_60min_blitz.rst
2020-12-18,intermediate_source/mario_rl_tutorial.py
2020-12-03,beginner_source/examples_tensor/polynomial_tensor.py
2020-12-03,beginner_source/examples_tensor/polynomial_numpy.py
2020-12-03,beginner_source/examples_nn/polynomial_optim.py
2020-12-02,recipes_source/recipes/benchmark.py
2020-11-20,beginner_source/deeplabv3_on_ios.rst
2020-11-20,beginner_source/deeplabv3_on_android.rst
2020-11-11,recipes_source/script_optimized.rst
2020-11-11,recipes_source/quantization.rst
2020-11-11,recipes_source/model_preparation_ios.rst
2020-11-05,prototype_source/vulkan_workflow.rst
2020-10-26,recipes_source/ptmobile_recipes_summary.rst
2020-10-26,recipes_source/model_preparation_android.rst
2020-08-12,recipes_source/recipes/what_is_state_dict.py
2020-07-28,prototype_source/torchscript_freezing.py
2020-07-28,prototype_source/graph_mode_dynamic_bert_tutorial.rst
2020-07-28,prototype_source/distributed_rpc_profiling.rst
2020-07-22,advanced_source/dispatcher/test.py
2020-07-09,advanced_source/torch_script_custom_ops/test.py
2020-07-09,advanced_source/torch_script_custom_ops/smoke_test.py
2020-07-09,advanced_source/torch_script_custom_classes/custom_class_project/save.py
2020-07-09,advanced_source/torch_script_custom_classes/custom_class_project/export_attr.py
2020-05-04,recipes_source/torchscript_inference.rst
2020-05-01,recipes_source/recipes/warmstarting_model_using_parameters_from_a_different_model.py
2020-05-01,recipes_source/recipes/saving_and_loading_models_for_inference.py
2020-04-20,recipes_source/recipes/saving_multiple_models_in_one_file.py
2020-04-20,recipes_source/recipes/save_load_across_devices.py
2020-01-13,beginner_source/deploy_seq2seq_hybrid_frontend_tutorial.py
2019-11-13,intermediate_source/pruning_tutorial.py
2019-07-18,advanced_source/numpy_extensions_tutorial.py
2019-06-05,.jenkins/remove_invisible_code_block_from_rst_txt.py
2019-06-05,.jenkins/remove_invisible_code_block_from_html.py
2019-05-27,advanced_source/ONNXLive.rst
2019-03-26,beginner_source/former_torchies_tutorial.rst
2019-03-26,beginner_source/former_torchies/nnft_tutorial.py
2019-01-09,beginner_source/hybrid_frontend_tutorial.rst
2018-12-07,beginner_source/hybrid_frontend/learning_hybrid_frontend_through_example_tutorial.py
2018-12-07,beginner_source/former_torchies/tensor_tutorial_old.py
2018-12-07,.jenkins/remove_invisible_code_block_from_py.py
2018-12-07,.jenkins/remove_invisible_code_block_from_ipynb.py
2018-12-06,.jenkins/replace_tutorial_html_content.py
2018-12-06,.jenkins/delete_html_file_with_runnable_code_removed.py
2018-11-19,beginner_source/blitz/data_parallel_tutorial.py
2018-04-24,beginner_source/nlp/deep_learning_tutorial.py
2018-04-24,beginner_source/deep_learning_nlp_tutorial.rst
